term,hr,lo,hi,p,effect_type
Department: Research & Development,0.9114399098046629,0.5014840224419014,1.6565287666387698,0.7609739737483024,Neutral
Department: Sales,1.30378244896267,0.7104569090840437,2.3926133344450493,0.3917909194713431,Neutral
OverTime: Yes,3.0717504612202378,2.377414632265443,3.968870540270669,9.146709819958102e-18,Risk
Years Since Last Promotion,0.868553260716267,0.8284995262772314,0.9105433893132107,4.905321620372246e-9,Protective
